customer_id,num_orders,total_spent,avg_order_value
14911,373,272252.79,729.90
12748,322,49176.74,152.72
17841,211,68519.95,324.74
15311,207,114671.42,553.97
13089,203,113416.91,558.70
14606,184,29648.75,161.13
17850,155,51208.87,330.38
14646,145,526751.52,3632.77
18102,145,580987.04,4006.81
14156,144,303069.88,2104.65
13694,143,195640.69,1368.12
15061,127,126387.57,995.18
14527,121,27191.10,224.72
12971,116,15704.60,135.38
17949,116,107833.48,929.60
13798,110,75428.87,685.72
16422,108,61728.87,571.56
13408,106,50174.78,473.35
16029,106,109620.87,1034.16
17961,100,2866.74,28.67
15039,93,39141.48,420.88
16013,84,56078.44,667.60
14298,82,91194.49,1112.13
17377,78,17639.23,226.14
12921,74,35233.24,476.12
13767,73,33903.57,464.43
13468,72,12793.28,177.68
12471,71,35099.90,494.36
17675,70,37642.48,537.75
17243,69,20184.68,292.53
13199,66,15949.21,241.65
16168,66,10360.67,156.98
17389,61,57215.33,937.96
13777,61,49638.26,813.74
17511,60,172132.87,2868.88
14680,58,55688.50,960.15
13319,58,21323.22,367.64
12931,57,92347.34,1620.13
13078,57,29018.06,509.09
17757,56,9070.10,161.97
15005,56,13752.58,245.58
16133,56,22992.26,410.58
16684,55,147142.77,2675.32
14735,55,12225.16,222.28
13093,55,54144.25,984.44
14667,54,20359.59,377.03
17677,54,35058.46,649.23
17920,54,23569.88,436.48
16779,53,32809.03,619.04
15856,52,32274.69,620.67
15078,52,17276.73,332.24
18172,52,17467.24,335.91
12682,51,20736.22,406.59
17450,51,244784.25,4799.69
16525,48,24151.30,503.15
17068,47,8980.18,191.07
15615,47,21373.97,454.77
17811,47,9513.10,202.41
17865,46,26310.09,571.96
15769,46,88612.52,1926.36
15189,46,17524.38,380.96
17428,45,31466.76,699.26
14031,44,39019.51,886.81
16839,44,21758.25,494.51
14560,44,6114.03,138.96
12681,44,26936.76,612.20
15498,44,24972.86,567.57
16161,43,12580.06,292.56
13881,43,45179.10,1050.68
14849,43,15407.61,358.32
17581,43,17951.17,417.47
16705,42,43515.05,1036.07
16746,42,18045.05,429.64
15358,42,16425.86,391.09
15738,41,13043.32,318.13
17576,41,8705.60,212.33
12835,41,5996.83,146.26
17315,41,9559.50,233.16
17448,41,14448.67,352.41
12841,40,6958.20,173.96
13854,39,11944.56,306.27
15291,39,13472.76,345.46
14543,39,14548.22,373.03
12437,38,11282.40,296.91
18041,38,8018.77,211.02
16353,38,9795.46,257.78
16558,38,13304.11,350.11
17381,38,36398.65,957.86
13069,38,9284.45,244.33
18109,38,9555.71,251.47
14895,38,25119.54,661.04
13263,38,8650.98,227.66
16782,38,9636.12,253.58
13102,37,11380.10,307.57
13113,37,18230.07,492.70
14051,37,21770.98,588.40
14194,36,18670.59,518.63
13564,36,15880.22,441.12
13004,36,11650.85,323.63
16814,36,11914.95,330.97
15555,36,11233.78,312.05
13267,36,9429.81,261.94
13969,35,12973.46,370.67
14040,35,12523.81,357.82
12621,35,22097.20,631.35
12647,35,14109.55,403.13
13018,35,9763.16,278.95
13534,35,7720.90,220.60
13668,35,12948.48,369.96
15513,35,26437.05,755.34
16843,35,19571.43,559.18
15838,34,73205.50,2153.10
15159,34,22116.73,650.49
15768,34,15308.89,450.26
13050,34,11877.29,349.33
16549,34,12781.80,375.94
15581,34,4505.16,132.50
16945,33,8548.16,259.04
14180,33,6117.50,185.38
16210,33,33730.97,1022.15
12989,33,13551.75,410.66
13001,33,24042.65,728.57
16553,33,16584.01,502.55
13599,33,9811.04,297.30
14110,33,12987.95,393.57
16713,32,14115.56,441.11
17238,32,7331.17,229.10
15465,32,12100.40,378.14
15044,32,15769.01,492.78
12540,32,19250.49,601.58
12569,32,3152.69,98.52
12709,32,29487.18,921.47
14085,32,9705.67,303.30
16923,32,13157.13,411.16
14952,32,17629.35,550.92
15719,31,10194.32,328.85
17706,31,20272.15,653.94
15867,31,8869.87,286.12
13418,31,11559.66,372.89
16656,30,16833.17,561.11
17858,30,12518.65,417.29
17848,30,3538.46,117.95
15805,30,10148.93,338.30
16458,30,5690.89,189.70
15984,30,8393.02,279.77
14060,30,8898.24,296.61
13230,30,6109.51,203.65
15601,30,14191.74,473.06
12474,29,11310.75,390.03
15640,29,23459.51,808.95
17017,29,12576.99,433.69
14702,29,6356.98,219.21
12720,29,6905.28,238.11
16011,29,5599.31,193.08
15144,29,12160.31,419.32
17965,29,7002.90,241.48
13013,29,11097.43,382.67
13999,29,9502.26,327.66
18118,29,6218.62,214.44
16754,29,65500.07,2258.62
16523,28,11916.33,425.58
14688,28,7190.42,256.80
16592,28,7807.91,278.85
18231,28,6848.27,244.58
17085,28,7839.27,279.97
17611,28,8287.53,295.98
12843,28,6461.87,230.78
12901,28,17654.54,630.52
15194,28,12021.53,429.34
15827,28,3603.14,128.68
18061,28,6083.81,217.28
13081,28,56838.37,2029.94
13098,28,28882.44,1031.52
18065,28,5846.63,208.81
13576,28,11202.59,400.09
17364,28,11972.92,427.60
18229,28,10150.51,362.52
13269,28,8537.32,304.90
12482,27,21941.72,812.66
13491,27,4467.66,165.47
17372,27,4316.46,159.87
12583,27,12493.58,462.73
14299,27,14070.25,521.12
14796,27,10167.77,376.58
16019,27,17329.16,641.82
16033,27,10608.81,392.92
17696,27,7679.59,284.43
13097,27,13015.36,482.05
17735,26,16790.33,645.78
16928,26,3798.08,146.08
15290,26,10496.28,403.70
18225,26,13014.80,500.57
12747,26,8898.48,342.25
18226,26,11878.88,456.88
15547,26,10002.65,384.72
12839,26,9669.12,371.89
13571,26,4537.26,174.51
17346,26,4991.41,191.98
16701,26,9916.73,381.41
13148,26,8488.32,326.47
18223,26,14000.85,538.49
14534,26,6183.06,237.81
16186,26,8718.43,335.32
14562,26,6638.15,255.31
14709,25,8886.33,355.45
14282,25,7250.76,290.03
12431,25,10102.22,404.09
14755,25,9972.55,398.90
16607,25,5706.87,228.27
15260,25,8767.73,350.71
14739,25,11573.62,462.94
15898,25,4992.70,199.71
16700,25,8830.77,353.23
14258,25,32051.34,1282.05
17888,25,1807.44,72.30
17139,25,19566.76,782.67
17231,25,7064.80,282.59
14878,25,4076.50,163.06
15046,25,7604.84,304.19
15570,25,8736.49,349.46
12415,24,144033.37,6001.39
17716,24,15956.97,664.87
14825,24,4735.08,197.30
14062,24,25585.65,1066.07
14092,24,7229.45,301.23
15611,24,2976.28,124.01
16191,24,15677.82,653.24
16919,24,4909.66,204.57
15125,24,17024.87,709.37
16326,24,4626.25,192.76
15271,24,4528.54,188.69
17975,24,6693.03,278.88
14135,24,8839.67,368.32
16985,23,10923.16,474.92
18260,23,9947.26,432.49
16401,23,6847.45,297.72
12523,23,4010.35,174.36
14056,23,8152.71,354.47
15694,23,9963.48,433.19
15093,23,13702.38,595.76
15129,23,6860.18,298.27
14291,23,7904.10,343.66
17857,23,25769.54,1120.41
16393,23,5297.77,230.34
16931,23,5032.22,218.79
13488,23,14205.96,617.65
16497,23,6695.28,291.10
15298,23,9061.77,393.99
18008,23,19759.08,859.09
13047,23,8423.58,366.24
14415,23,11980.09,520.87
13090,23,13076.74,568.55
14217,23,3298.59,143.42
15527,23,5554.04,241.48
13756,23,8655.95,376.35
14401,22,6795.90,308.90
17402,22,4600.56,209.12
16722,22,8189.56,372.25
13985,22,10020.86,455.49
14057,22,8346.66,379.39
16103,22,6191.71,281.44
18283,22,2658.95,120.86
13426,22,8167.38,371.24
12949,22,15526.70,705.76
16333,22,26626.80,1210.31
15218,22,11453.83,520.63
15955,22,8085.98,367.54
13552,22,6948.92,315.86
16710,22,5921.35,269.15
14961,22,16410.15,745.92
17416,22,17298.45,786.29
17306,21,9782.35,465.83
15854,21,5578.28,265.63
16729,21,7202.01,342.95
17404,21,47638.12,2268.48
18241,21,2986.99,142.24
14239,21,4263.17,203.01
14713,21,5115.36,243.59
15270,21,8524.86,405.95
12712,21,5985.03,285.00
15808,21,17180.25,818.11
15251,21,20324.54,967.84
12980,21,16245.78,773.61
15874,21,11284.76,537.37
13082,21,7335.75,349.32
15981,21,9362.77,445.85
17287,21,3826.86,182.23
17220,21,4451.41,211.97
13983,21,6753.89,321.61
13178,21,14059.19,669.49
13911,20,4234.99,211.75
14030,20,7521.80,376.09
14344,20,2993.05,149.65
14395,20,7801.93,390.10
12417,20,5998.41,299.92
16670,20,8030.15,401.51
16156,20,6188.18,309.41
14159,20,7849.58,392.48
14590,20,2993.37,149.67
17730,20,7773.80,388.69
12490,20,8764.64,438.23
18075,20,5783.29,289.16
12600,20,4385.85,219.29
17690,20,6963.80,348.19
17799,20,6246.93,312.35
17884,20,2693.47,134.67
12662,20,6130.54,306.53
12683,20,10445.70,522.29
18245,20,6324.98,316.25
16170,20,6869.00,343.45
15023,20,11555.50,577.78
13769,20,5478.12,273.91
17644,20,6028.60,301.43
17790,20,2779.41,138.97
12877,20,2942.14,147.11
17809,20,10085.89,504.29
16954,20,6081.88,304.09
12939,20,25264.80,1263.24
17969,20,2354.29,117.71
16570,20,7434.31,371.72
16672,20,8134.94,406.75
14099,20,5750.91,287.55
15544,20,7807.89,390.39
16904,20,4656.56,232.83
14607,20,22575.13,1128.76
17049,19,9942.53,523.29
12472,19,14971.29,787.96
12483,19,4069.18,214.17
16883,19,2246.06,118.21
13394,19,6621.70,348.51
17001,19,6640.80,349.52
17954,19,3801.83,200.10
14732,19,5517.07,290.37
17157,19,5151.90,271.15
18144,19,4892.95,257.52
13629,19,13370.86,703.73
15059,19,3490.40,183.71
13802,19,26259.11,1382.06
17091,19,7495.75,394.51
13027,19,17239.20,907.33
14397,19,2612.96,137.52
14422,19,10271.52,540.61
13993,19,6775.71,356.62
14944,19,9684.67,509.72
14505,19,11873.08,624.90
13266,19,6135.04,322.90
16145,19,6805.44,358.18
13317,19,6486.09,341.37
13327,19,9052.87,476.47
15971,18,5897.88,327.66
15750,18,6452.99,358.50
17612,18,5394.86,299.71
18044,18,3505.61,194.76
12476,18,12319.91,684.44
12500,18,5559.21,308.85
17739,18,7730.59,429.48
17504,18,9490.17,527.23
13842,18,5319.34,295.52
15953,18,3440.34,191.13
14852,18,6132.43,340.69
17218,18,3889.39,216.08
12708,18,4559.66,253.31
18092,18,14693.72,816.32
16550,18,8807.68,489.32
17340,18,19617.95,1089.89
13590,18,6336.04,352.00
17589,18,13806.27,767.02
12823,18,6501.50,361.19
18077,18,4078.79,226.60
14211,18,4402.29,244.57
17873,18,6135.95,340.89
13831,18,6585.54,365.86
17894,18,2304.16,128.01
15249,18,9266.00,514.78
17861,18,5088.29,282.68
14341,18,4452.02,247.33
17230,18,9388.49,521.58
13117,18,2255.66,125.31
15482,18,14377.36,798.74
17419,18,6126.25,340.35
15514,18,6388.28,354.90
13709,18,7571.35,420.63
17512,18,5467.82,303.77
13324,18,10513.47,584.08
17663,17,5175.83,304.46
15622,17,7852.61,461.92
15373,17,3084.54,181.44
17160,17,10209.16,600.54
14800,17,7180.08,422.36
12524,17,9794.11,576.12
18198,17,5425.56,319.15
14096,17,53258.43,3132.85
17491,17,5653.67,332.57
14221,17,6517.49,383.38
17769,17,7053.38,414.90
15755,17,5993.12,352.54
15860,17,2358.80,138.75
13542,17,3959.49,232.91
14866,17,20700.04,1217.65
12731,17,25631.71,1507.75
17314,17,4904.43,288.50
18219,17,3352.70,197.22
17469,17,5051.25,297.13
17293,17,3750.63,220.63
15606,17,5230.99,307.71
16905,17,4704.27,276.72
14243,17,7217.75,424.57
15796,17,5170.63,304.15
13880,17,4293.86,252.58
13871,17,7885.85,463.87
16444,17,3625.88,213.29
13021,17,4887.24,287.48
14769,17,15512.46,912.50
15301,17,6909.67,406.45
16556,17,8012.58,471.33
17338,17,11880.54,698.86
14426,17,11727.94,689.88
13963,17,2860.57,168.27
16626,17,4413.10,259.59
13141,17,7656.08,450.36
16745,17,7180.70,422.39
14525,17,8018.59,471.68
13715,17,8153.04,479.59
15628,17,5333.08,313.71
15998,16,8274.14,517.13
16241,16,3989.81,249.36
15785,16,5969.93,373.12
16327,16,10129.04,633.07
16359,16,2697.75,168.61
14867,16,2952.06,184.50
17412,16,4220.22,263.76
16686,16,4881.07,305.07
13458,16,11959.27,747.45
15281,16,8543.57,533.97
17460,16,2157.97,134.87
16775,16,2820.84,176.30
14530,16,6088.87,380.55
18087,16,13908.72,869.30
14210,16,5556.57,347.29
15235,16,2772.76,173.30
14292,16,9226.25,576.64
14367,16,9227.82,576.74
14388,16,6388.20,399.26
18168,16,3435.50,214.72
13137,16,7586.94,474.18
14032,16,4546.41,284.15
16652,16,17550.39,1096.90
14907,16,5547.72,346.73
13162,16,9275.49,579.72
15523,16,17259.19,1078.70
13225,16,16260.07,1016.25
14045,16,10986.63,686.66
15521,16,7087.64,442.98
14088,16,64036.80,4002.30
13695,16,2770.73,173.17
14113,16,7092.61,443.29
15602,16,3137.96,196.12
15024,16,3559.39,222.46
15058,16,3387.58,211.72
13305,16,3616.41,226.03
16918,16,3206.54,200.41
17651,16,5703.52,356.47
13728,16,2855.17,178.45
14189,16,5503.15,343.95
14064,15,3260.24,217.35
17191,15,4310.34,287.36
15518,15,4189.99,279.33
12395,15,4241.17,282.74
16126,15,14644.60,976.31
16225,15,2859.31,190.62
14209,15,4993.27,332.88
17719,15,5396.04,359.74
14227,15,6366.16,424.41
14329,15,9887.62,659.17
13901,15,5676.34,378.42
12567,15,10741.48,716.10
16791,15,3944.88,262.99
16187,15,6911.44,460.76
16008,15,5339.13,355.94
16258,15,11942.52,796.17
16255,15,4530.00,302.00
12678,15,32595.18,2173.01
16466,15,3767.09,251.14
14733,15,14335.15,955.68
12836,15,6559.73,437.32
14648,15,4463.39,297.56
15187,15,4762.18,317.48
15727,15,9371.71,624.78
16365,15,3167.34,211.16
12935,15,4243.86,282.92
12951,15,3213.72,214.25
15203,15,4400.18,293.35
16293,15,4279.20,285.28
14701,15,4487.11,299.14
13870,15,5712.08,380.81
15910,15,2661.17,177.41
14776,15,3708.30,247.22
18037,15,167.42,11.16
13941,15,10027.18,668.48
15939,15,9004.84,600.32
16638,15,2380.13,158.68
17365,15,8179.45,545.30
13183,15,7036.18,469.08
13634,15,4988.08,332.54
16027,15,2048.36,136.56
17442,15,4620.30,308.02
16767,15,8052.41,536.83
17519,15,4774.17,318.28
14134,15,11123.35,741.56
16794,15,2050.68,136.71
16912,15,4460.51,297.37
14191,15,4817.66,321.18
15660,15,2603.69,173.58
14882,14,3546.65,253.33
17867,14,1560.72,111.48
14744,14,3660.08,261.43
17940,14,28389.58,2027.83
13758,14,8595.29,613.95
12481,14,11033.51,788.11
16395,14,3517.56,251.25
13883,14,6535.37,466.81
17931,14,3402.24,243.02
18055,14,10142.64,724.47
13995,14,3902.01,278.72
15443,14,5114.23,365.30
12594,14,4890.11,349.29
16266,14,1757.95,125.57
13875,14,4814.37,343.88
13593,14,5493.29,392.38
14898,14,3365.95,240.43
13610,14,2102.46,150.18
14047,14,3968.11,283.44
16743,14,4212.15,300.87
16717,14,6663.68,475.98
12779,14,6474.11,462.44
17613,14,4544.55,324.61
17602,14,7354.43,525.32
16125,14,4292.35,306.60
13784,14,2910.23,207.87
15152,14,5263.83,375.99
17700,14,6679.97,477.14
15681,14,2989.70,213.55
16242,14,7404.65,528.90
17069,14,5517.23,394.09
17913,14,3425.09,244.65
16407,14,2761.65,197.26
13890,14,2927.38,209.10
14841,14,7163.00,511.64
13952,14,12823.52,915.97
13971,14,4667.57,333.40
17368,14,2758.29,197.02
16709,14,9056.01,646.86
16719,14,3508.62,250.62
16735,14,6217.41,444.10
16748,14,3637.33,259.81
17457,14,5984.81,427.49
16098,14,4010.70,286.48
15571,14,3892.35,278.03
15031,14,3102.94,221.64
15034,14,8231.20,587.94
14541,14,2491.38,177.96
17659,14,3586.99,256.21
16316,13,5744.91,441.92
13555,13,8891.84,683.99
14390,13,6150.03,473.08
15916,13,3145.24,241.94
17211,13,3773.35,290.26
15696,13,3881.22,298.56
14440,13,5982.03,460.16
15179,13,7491.92,576.30
13450,13,4120.04,316.93
17188,13,4592.93,353.30
14828,13,9839.46,756.88
15356,13,3239.57,249.20
17930,13,4275.22,328.86
17738,13,4183.56,321.81
14461,13,6676.52,513.58
17406,13,4186.95,322.07
16725,13,1686.81,129.75
16206,13,2577.12,198.24
16180,13,16249.87,1249.99
15633,13,4335.96,333.54
12599,13,2026.72,155.90
13782,13,1786.08,137.39
17071,13,3793.71,291.82
15804,13,4206.39,323.57
17063,13,3638.53,279.89
17905,13,2168.37,166.80
16456,13,6000.94,461.61
15858,13,3552.41,273.26
17228,13,2820.03,216.93
17213,13,4869.40,374.57
12705,13,11114.10,854.93
15965,13,2771.94,213.23
16600,13,2153.41,165.65
16764,13,2790.95,214.69
17449,13,4865.15,374.24
18094,13,6391.52,491.66
15015,13,2344.47,180.34
14112,13,5834.59,448.81
14524,13,2909.86,223.84
13735,13,9762.77,750.98
17673,13,4173.88,321.07
12867,13,7829.26,602.25
15150,13,8977.94,690.61
17838,13,5604.64,431.13
12910,13,5796.52,445.89
12913,13,6283.24,483.33
17754,13,4451.22,342.40
16992,13,5476.50,421.27
17870,13,2753.29,211.79
16351,13,3330.03,256.16
12957,13,8706.97,669.77
14710,13,1899.79,146.14
17090,13,3080.18,236.94
15885,13,1921.82,147.83
17146,13,5852.64,450.20
17988,13,485.69,37.36
15862,13,2507.14,192.86
14810,13,2354.03,181.08
15365,13,4557.13,350.55
14404,13,2724.13,209.55
13094,13,2209.44,169.96
16218,13,3968.67,305.28
13126,13,3774.81,290.37
16655,13,6423.26,494.10
13136,13,6274.56,482.66
16668,13,862.42,66.34
17396,13,8391.60,645.51
18116,13,2130.89,163.91
14466,13,4267.15,328.24
16742,13,2334.97,179.61
14049,13,13023.40,1001.80
16712,13,4225.22,325.02
13206,13,8308.19,639.09
17426,13,8077.77,621.37
13209,13,8509.51,654.58
13557,13,3032.26,233.25
14101,13,9961.93,766.30
13700,13,2596.97,199.77
16817,13,2560.70,196.98
17596,13,4491.46,345.50
14573,13,2163.12,166.39
14177,13,2209.69,169.98
12346,12,77556.46,6463.04
17236,12,1929.26,160.77
18257,12,4585.15,382.10
16143,12,4555.08,379.59
14745,12,2551.41,212.62
16678,12,3109.99,259.17
15529,12,4781.11,398.43
17530,12,2787.10,232.26
14593,12,3658.03,304.84
14334,12,4318.48,359.87
13381,12,8224.37,685.36
15967,12,2966.00,247.17
14970,12,4919.35,409.95
16131,12,9957.42,829.79
16325,12,3597.50,299.79
12422,12,3639.35,303.28
15382,12,13733.55,1144.46
14963,12,3123.57,260.30
16115,12,2553.80,212.82
17552,12,2786.77,232.23
14146,12,9450.30,787.53
14249,12,5400.46,450.04
13824,12,3314.76,276.23
15812,12,5201.47,433.46
15240,12,4459.98,371.67
13975,12,5256.40,438.03
15312,12,2930.19,244.18
17351,12,1964.38,163.70
12553,12,4104.75,342.06
13659,12,4884.68,407.06
16200,12,5608.10,467.34
17685,12,5454.95,454.58
17692,12,2960.44,246.70
12637,12,8085.81,673.82
14676,12,8356.79,696.40
17044,12,11962.30,996.86
14692,12,1715.14,142.93
16265,12,6685.17,557.10
12714,12,12815.71,1067.98
13953,12,6640.68,553.39
17241,12,2736.64,228.05
17758,12,4964.03,413.67
14868,12,4184.01,348.67
13984,12,1893.80,157.82
17324,12,2171.07,180.92
14451,12,3258.68,271.56
18236,12,1795.35,149.61
13680,12,11419.67,951.64
17526,12,3939.24,328.27
12826,12,2800.75,233.40
16841,12,4006.06,333.84
15641,12,5345.55,445.46
12872,12,3283.96,273.66
15712,12,3472.41,289.37
17863,12,5360.48,446.71
12924,12,2461.45,205.12
12928,12,4304.89,358.74
17819,12,6021.05,501.75
13448,12,8386.22,698.85
12963,12,3235.79,269.65
16409,12,5652.74,471.06
15674,12,6613.52,551.13
17929,12,3082.10,256.84
15861,12,4360.90,363.41
16434,12,2673.69,222.81
15296,12,10323.03,860.25
13037,12,3914.95,326.25
15321,12,6709.73,559.14
17227,12,1878.93,156.58
13527,12,4541.29,378.44
13092,12,2140.28,178.36
13538,12,3103.13,258.59
17133,12,14622.33,1218.53
13110,12,2957.47,246.46
15903,12,8939.84,744.99
18073,12,3859.82,321.65
14901,12,1919.00,159.92
14462,12,2237.81,186.48
14467,12,2203.24,183.60
14482,12,4306.72,358.89
17323,12,1547.64,128.97
16059,12,3053.57,254.46
14936,12,12410.81,1034.23
15502,12,9542.92,795.24
16085,12,2324.71,193.73
15021,12,2500.59,208.38
14515,12,3724.06,310.34
15550,12,2211.05,184.25
17652,12,4867.72,405.64
13313,12,3445.32,287.11
15081,12,1854.57,154.55
16873,12,14617.39,1218.12
17646,12,3898.79,324.90
13340,12,22100.56,1841.71
13742,12,3107.87,258.99
15114,12,3400.12,283.34
14625,11,4497.88,408.90
16332,11,1997.49,181.59
14004,11,6258.45,568.95
16818,11,3349.57,304.51
16915,11,1543.18,140.29
17705,11,2083.90,189.45
15380,11,3248.96,295.36
18145,11,5609.74,509.98
17593,11,8092.32,735.67
17682,11,4065.28,369.57
13384,11,6680.83,607.35
13446,11,3881.89,352.90
14711,11,2839.62,258.15
13485,11,3015.22,274.11
14723,11,1801.36,163.76
13931,11,5257.38,477.94
17262,11,2488.76,226.25
17268,11,1733.89,157.63
15367,11,5081.33,461.94
13477,11,2819.17,256.29
16010,11,1694.86,154.08
15434,11,2567.06,233.37
14507,11,3216.74,292.43
13662,11,2233.61,203.06
17470,11,2626.47,238.77
14132,11,3586.03,326.00
16875,11,4234.53,384.96
14653,11,3404.80,309.53
16347,11,3442.96,313.00
17092,11,5511.41,501.04
12643,11,7803.82,709.44
17061,11,5232.23,475.66
15222,11,3550.91,322.81
12664,11,5420.04,492.73
13929,11,3494.10,317.65
14740,11,4161.06,378.28
16470,11,2416.85,219.71
17994,11,2264.03,205.82
16531,11,2298.33,208.94
14410,11,2630.90,239.17
14408,11,4102.27,372.93
17288,11,2468.43,224.40
12726,11,3690.60,335.51
15369,11,6251.26,568.30
17180,11,2236.77,203.34
14441,11,4611.69,419.24
17307,11,3999.89,363.63
14465,11,3925.85,356.90
13577,11,3484.28,316.75
12755,11,5236.26,476.02
18178,11,6103.74,554.89
17388,11,2675.37,243.22
14502,11,2426.79,220.62
13631,11,3070.42,279.13
14083,11,1082.19,98.38
12782,11,3862.24,351.11
16128,11,3801.05,345.55
14107,11,4877.30,443.39
14532,11,3845.78,349.62
12820,11,2689.52,244.50
17609,11,1875.36,170.49
16153,11,5133.49,466.68
15079,11,3625.40,329.58
12853,11,3907.50,355.23
15122,11,4487.27,407.93
15716,11,2482.74,225.70
15722,11,5234.00,475.82
17725,11,3439.08,312.64
14626,11,5410.92,491.90
17742,11,2098.48,190.77
12891,11,840.50,76.41
15751,11,1380.44,125.49
15182,11,2998.95,272.63
16983,11,3490.53,317.32
16987,11,2499.45,227.22
17019,11,3586.99,326.09
16986,11,4888.75,444.43
17050,11,4648.59,422.60
12955,11,4757.16,432.47
13856,11,1142.03,103.82
13451,11,7088.92,644.45
15241,11,3050.16,277.29
17096,11,3697.93,336.18
14309,11,3780.81,343.71
14312,11,3090.29,280.94
13481,11,3830.84,348.26
13012,11,2957.83,268.89
13014,11,5381.08,489.19
13015,11,6579.78,598.16
15329,11,2958.83,268.98
15845,11,4426.28,402.39
16503,11,3614.34,328.58
14766,11,6375.73,579.61
16455,11,3995.57,363.23
13044,11,4848.05,440.73
18036,11,1545.49,140.50
16477,11,4094.37,372.22
13510,11,4558.29,414.39
14854,11,4303.06,391.19
13520,11,5446.00,495.09
18069,11,4449.02,404.46
13077,11,2740.65,249.15
18064,11,4481.83,407.44
13561,11,1803.40,163.95
16016,11,2083.40,189.40
14016,11,11303.41,1027.58
17422,11,3594.76,326.80
13173,11,2389.82,217.26
13174,11,7972.46,724.77
14915,11,1811.25,164.66
18097,11,4627.92,420.72
13213,11,3851.52,350.14
16094,11,3695.56,335.96
13654,11,6308.00,573.45
13246,11,3351.75,304.70
14533,11,3466.37,315.12
13719,11,2782.10,252.92
13291,11,3270.79,297.34
14540,11,3709.64,337.24
16837,11,3170.98,288.27
14546,11,5184.84,471.35
16891,11,1727.94,157.09
14572,11,5520.98,501.91
17618,11,4001.64,363.79
13750,11,3602.18,327.47
15394,11,5286.80,480.62
17162,10,1715.46,171.55
12359,10,8873.39,887.34
12362,10,4737.23,473.72
14623,10,2012.30,201.23
14201,10,1193.54,119.35
15950,10,7120.91,712.09
16813,10,1652.18,165.22
14640,10,3649.36,364.94
17720,10,2666.91,266.69
12423,10,2301.39,230.14
17107,10,16052.72,1605.27
15680,10,4028.69,402.87
12433,10,16794.14,1679.41
17802,10,4946.22,494.62
18135,10,1249.62,124.96
15483,10,810.68,81.07
15013,10,1610.82,161.08
17676,10,2448.64,244.86
15199,10,3122.40,312.24
16426,10,1863.76,186.38
17669,10,6142.35,614.24
14748,10,2681.90,268.19
17203,10,5564.09,556.41
15351,10,3430.22,343.02
16539,10,3289.66,328.97
13611,10,3297.93,329.79
13643,10,2156.77,215.68
14978,10,3112.19,311.22
15532,10,3717.20,371.72
15095,10,3141.64,314.16
12598,10,4192.09,419.21
14608,10,3342.94,334.29
15732,10,1543.97,154.40
17075,10,2236.63,223.66
13869,10,7996.87,799.69
16950,10,3533.77,353.38
13884,10,1825.03,182.50
12676,10,2333.09,233.31
17921,10,2394.36,239.44
14824,10,4022.91,402.29
14861,10,1380.73,138.07
16571,10,4248.74,424.87
12727,10,4905.53,490.55
14844,10,6702.43,670.24
17409,10,7793.51,779.35
16005,10,2365.07,236.51
15410,10,4685.72,468.57
14498,10,3900.83,390.08
16057,10,3854.85,385.49
14081,10,4867.57,486.76
15027,10,3195.60,319.56
15569,10,3583.45,358.35
15033,10,2553.88,255.39
12838,10,2975.91,297.59
13397,10,3191.87,319.19
15134,10,1596.29,159.63
14609,10,1486.20,148.62
15819,10,3934.79,393.48
13838,10,1690.07,169.01
12970,10,1452.54,145.25
12986,10,2729.84,272.98
14307,10,4287.92,428.79
17135,10,1716.38,171.64
15288,10,3706.53,370.65
17966,10,1963.92,196.39
13495,10,4863.31,486.33
14794,10,1953.90,195.39
14790,10,2526.62,252.66
13059,10,2291.77,229.18
15906,10,2530.19,253.02
16515,10,3179.06,317.91
13115,10,5494.70,549.47
15421,10,3805.34,380.53
16003,10,5613.83,561.38
16076,10,2234.73,223.47
15456,10,2091.52,209.15
13623,10,2533.06,253.31
13184,10,1667.95,166.80
14044,10,3073.95,307.40
16086,10,2687.73,268.77
13203,10,2648.25,264.83
13650,10,3288.00,328.80
13211,10,2618.77,261.88
14493,10,5087.86,508.79
17454,10,1547.94,154.79
16771,10,3921.10,392.11
13268,10,3152.71,315.27
15572,10,3965.20,396.52
17572,10,652.21,65.22
13722,10,5635.41,563.54
16150,10,4002.17,400.22
13316,10,12940.82,1294.08
16858,10,4292.59,429.26
17629,10,2455.52,245.55
16208,10,3440.45,344.05
17345,10,1586.63,158.66
12352,9,1729.54,192.17
13693,9,2011.82,223.54
16770,9,1778.93,197.66
16158,9,628.32,69.81
13704,9,2308.06,256.45
15051,9,3926.91,436.32
15596,9,2727.72,303.08
12584,9,2254.15,250.46
17515,9,1602.51,178.06
17490,9,2750.50,305.61
13711,9,1792.26,199.14
17567,9,4838.08,537.56
14129,9,2591.34,287.93
14535,9,5961.89,662.43
15605,9,1741.95,193.55
14553,9,1818.60,202.07
15105,9,3094.91,343.88
15107,9,824.35,91.59
16202,9,2501.99,278.00
14514,9,4380.04,486.67
13249,9,1608.93,178.77
16104,9,2774.46,308.27
13259,9,1398.79,155.42
16809,9,1727.43,191.94
15038,9,1146.53,127.39
17655,9,2976.38,330.71
14548,9,2541.29,282.37
17550,9,2506.64,278.52
14147,9,2590.20,287.80
16182,9,9971.65,1107.96
15625,9,3236.40,359.60
15607,9,1708.97,189.89
17634,9,2358.59,262.07
13748,9,2064.35,229.37
13755,9,2108.06,234.23
16197,9,2016.71,224.08
16907,9,1470.89,163.43
14587,9,1580.29,175.59
